name,link
Huyên Nguyễn Bđs,https://www.facebook.com/huyen.nguyen.b.s
Mạnh Bđs,https://www.facebook.com/manh.b.s.159914
Thuỳ Nhung Bđs,https://www.facebook.com/con.thuy.5437
Tuấn Minh Bđs,https://www.facebook.com/tuan.minh.b.s.2025
Nhà Đất Phát Đạt,https://www.facebook.com/nha.at.phat.at.778432
Vũ Khánh,https://www.facebook.com/vu.khanh.808537
Khoảng Lặng,https://www.facebook.com/khoang.lang.673746
Trịnh Văn Khánh Bđs,https://www.facebook.com/trinh.van.khanh.334174
Le Long Bđs,https://www.facebook.com/le.long.b.s
Nhơn Bđs Nhà Phố,https://www.facebook.com/minhanh.omc
Bđs Thái Bình,https://www.facebook.com/b.s.thai.binh.887895
Bđs Khanh Nguyen,https://www.facebook.com/khanh.nguyen.818231
Nam Phong Land,https://www.facebook.com/nam.phong.land.2025
Bđs Vũng Tàu,https://www.facebook.com/b.s.vung.tau.166161
Đức Cảnh Bđs,https://www.facebook.com/uccanhbs.2025
Bđs Mỹ Quyên,https://www.facebook.com/onquyen.2025
Trần Giang Bđs,https://www.facebook.com/tran.giang.b.s
Bđs Văn Minh,https://www.facebook.com/b.s.hoai.uc.954370
Bđs Hoàng Trọng,https://www.facebook.com/nha.khoa.nhat.anh.2024
Trang Trang,https://www.facebook.com/thuy.moc.829809
Thanh Bình,https://www.facebook.com/tran.duong.603648
Tuyển Dụng Lao Động,https://www.facebook.com/tuyen.dung.lao.ong.390388
Bich Ngoc,https://www.facebook.com/lbnqc178213
Bùi Nhà Đất SG,https://www.facebook.com/tu.bui.131441
ホアン タイン,https://www.facebook.com/victorys.love
Châu Băng Sơn,https://www.facebook.com/Son.Chau.2k6
Hiệp Bds Yêu Thương,https://www.facebook.com/hiep.bds.yeu.thuong
Thế Bảo Bđs,https://www.facebook.com/the.bao.b.s
Nguyễn Thế An,https://www.facebook.com/nguyen.the.an.489115
Bđs Dương Nguyễn,https://www.facebook.com/b.s.duong.nguyen.2025
Trang Tân Thịnh Phát,https://www.facebook.com/trang.tan.thinh.phat
Giang Đại Phát Bds,https://www.facebook.com/trai.tim.bang.gia.639628
Thành Bđs,https://www.facebook.com/thanh.b.s.29194
Nhựt Bđs Vĩnh Lộc,https://www.facebook.com/nhut.b.s.vinh.loc
Bđs Cocoland,https://www.facebook.com/b.s.cocoland
Nguyễn Nguyễn Bđs,https://www.facebook.com/nguyen.nguyen.b.s.603993
Công Bđs Long An,https://www.facebook.com/cong.b.s.long.an
Nguyễn Hữu Lý,https://www.facebook.com/tot.nghiep.le.2024
Huy Phúc,https://www.facebook.com/huy.phuc.564982
Bđs Miền Đông,https://www.facebook.com/b.s.mien.ong.2025
An Đức,https://www.facebook.com/an.uc.806244
Hue Tran,https://www.facebook.com/hue.tran.314927
Lê Viết Điệp Bđs,https://www.facebook.com/le.viet.iep.b.s
Bđs Kỳ Sơn HB,https://www.facebook.com/b.s.ky.son.hb
Sơn Tùng,https://www.facebook.com/son.tung.884842
Nguyễn Thắng,https://www.facebook.com/nguyen.thang.348175
Nguyên Bđs Nhà Thật,https://www.facebook.com/nguyen.b.s.nha.that
Vũ Land,https://www.facebook.com/vanvu.pham.568847
Anh Quynh,https://www.facebook.com/qa.892504
Mai Trí Thức,https://www.facebook.com/thuc.maitri.31
Bàn Văn Thắng,https://www.facebook.com/thang.banvan.587
Tấn Huyên,https://www.facebook.com/tan.huyen.262430
Bđs Hưng Phát,https://www.facebook.com/cuong.vovancuong.3152
Ngan Hang Bds,https://www.facebook.com/nganhang.bds.3
Hải Land,https://www.facebook.com/hai.land.416345
Văn Bđs,https://www.facebook.com/van.b.s.419408
Nguyễn Vinh Chiến,https://www.facebook.com/chien.vi.92317121
Trang Vệ,https://www.facebook.com/ve.trang.330
Nguyễn Hữu Nhật,https://www.facebook.com/nguyen.huunhat.520
Hanh Le,https://www.facebook.com/hanh.le.866386
Dao Dinh Bđs,https://www.facebook.com/dao.dinh.b.s
Ngô Tấn Quả,https://www.facebook.com/ngotan.qua.1
Nam Tước,https://www.facebook.com/Vinfasthadong948
Huyền ProHouzing Hue,https://www.facebook.com/huyen.prohouzing.hue
Dung Ngô,https://www.facebook.com/an.na.152148
Đỗ Dũng Bđs,https://www.facebook.com/odungbs
Bđs Hảo Hảo,https://www.facebook.com/b.s.hao.hao.2025
Hùng Trinh Bds,https://www.facebook.com/hung.trinh.bds.2025
Lê Đức Realty,https://www.facebook.com/bsdnlduc
Bđs Thịnh Phát,https://www.facebook.com/b.s.thinh.phat.631440
Thế Vũ Bđs,https://www.facebook.com/the.vu.356218
Ngọc Bđs Nhà Phố,https://www.facebook.com/ruby.ngoc.107687
Bđs Dương Phát Land,https://www.facebook.com/b.s.duong.thuan.phat.2024
Bđs Vuông,https://www.facebook.com/b.s.vuong.2024
Tuấn Vỹ,https://www.facebook.com/tuan.vy.42938
Phạm Hiền,https://www.facebook.com/pham.hien.40603
Hoàng Nam Bđs,https://www.facebook.com/hoang.nam.b.s.776369
Đặng Nam,https://www.facebook.com/angnam.550087
